id,category,name
1,1,Character
2,1,Corporation
3,2,Region
4,2,Constellation
5,2,Solar System
6,2,Sun
7,2,Planet
8,2,Moon
9,2,Asteroid Belt
10,2,Stargate
11,2,Asteroid OLD
12,2,Cargo Container
13,2,Ring
14,2,Biomass
15,3,Station
16,3,Station Services
17,4,Money
18,4,Mineral
19,1,Faction
20,4,Drug
23,5,Clone
24,5,Voucher
25,6,Frigate
26,6,Cruiser
27,6,Battleship
28,6,Hauler
29,6,Capsule
30,6,Titan
31,6,Shuttle
32,1,Alliance
38,7,Shield Extender
39,7,Shield Recharger
40,7,Shield Booster
41,7,Remote Shield Booster
43,7,Capacitor Recharger
46,7,Propulsion Module
47,7,Cargo Scanner
48,7,Ship Scanner
49,7,Survey Scanner
52,7,Warp Scrambler
53,7,Energy Weapon
54,7,Mining Laser
55,7,Projectile Weapon
56,7,Missile Launcher
57,7,Shield Power Relay
59,7,Gyrostabilizer
60,7,Damage Control
61,7,Capacitor Battery
62,7,Armor Repair Unit
63,7,Hull Repair Unit
65,7,Stasis Web
67,7,Remote Capacitor Transmitter
68,7,Energy Nosferatu
71,7,Energy Neutralizer
72,7,Smart Bomb
74,7,Hybrid Weapon
76,7,Capacitor Booster
77,7,Shield Hardener
78,7,Reinforced Bulkhead
80,7,Burst Jammer
82,7,Passive Targeting System
83,8,Projectile Ammo
85,8,Hybrid Charge
86,8,Frequency Crystal
87,8,Capacitor Booster Charge
88,8,Defender Missiles
89,8,Torpedo
90,8,Bomb
92,8,Mine
94,10,Trading
95,10,Trade Session
96,7,Automated Targeting System
97,18,Proximity Drone
98,7,Armor Coating
99,11,Sentry Gun
100,18,Combat Drone
101,18,Mining Drone
104,9,Clone Blueprint
105,9,Frigate Blueprint
106,9,Cruiser Blueprint
107,9,Battleship Blueprint
108,9,Hauler Blueprint
109,9,Capsule Blueprint
110,9,Titan Blueprint
111,9,Shuttle Blueprint
118,9,Shield Extender Blueprint
119,9,Shield Recharger Blueprint
120,9,Shield Booster Blueprint
121,9,Remote Shield Booster Blueprint
123,9,Capacitor Recharger Blueprint
126,9,Propulsion Module Blueprint
127,9,Cargo Scanner Blueprint
128,9,Ship Scanner Blueprint
129,9,Survey Scanner Blueprint
130,9,ECM Blueprint
131,9,ECCM Blueprint
132,9,Warp Scrambler Blueprint
133,9,Energy Weapon Blueprint
134,9,Mining Laser Blueprint
135,9,Projectile Weapon Blueprint
136,9,Missile Launcher Blueprint
137,9,Power Manager Blueprint
139,9,Gunnery Upgrade Blueprint
140,9,Damage Control Blueprint
141,9,Capacitor Battery Blueprint
142,9,Armor Repair Unit Blueprint
143,9,Hull Repair Unit Blueprint
145,9,Stasis Web Blueprint
147,9,Remote Capacitor Transmitter Blueprint
148,9,Energy Nosferatu Blueprint
151,9,Energy Neutralizer Blueprint
152,9,Smart Bomb Blueprint
154,9,Hybrid Weapon Blueprint
156,9,Capacitor Booster Blueprint
157,9,Shield Hardener Blueprint
158,9,Hull Mods Blueprint
160,9,Burst Jammer Blueprint
161,9,Passive Targeting System Blueprint
162,9,Automated Targeting System Blueprint
163,9,Armor Coating Blueprint
165,9,Projectile Ammo Blueprint
166,9,Missile Blueprint
167,9,Hybrid Charge Blueprint
168,9,Frequency Crystal Blueprint
169,9,Capacitor Booster Charge Blueprint
170,9,Defender Missile Blueprint
172,9,Bomb Blueprint
174,9,Mine Blueprint
175,9,Proximity Drone Blueprint
176,9,Combat Drone Blueprint
177,9,Mining Drone Blueprint
178,9,Drug Blueprint
180,11,Protective Sentry Gun
182,11,Police Drone
185,11,Pirate Drone
186,2,Wreck
190,14,Bloodline Bonus
191,14,Physical Benefit
192,14,Physical Handicap
193,14,Phobia Handicap
194,14,Social Handicap
195,14,Amarr Education
196,14,Caldari Education
197,14,Gallente Education
198,14,Minmatar Education
199,14,Career Bonus
201,7,ECM
202,7,ECCM
203,7,Sensor Backup Array
205,7,Heat Sink
208,7,Sensor Dampener
209,7,Remote Tracking Computer
210,7,Signal Amplifier
211,7,Tracking Enhancer
212,7,Sensor Booster
213,7,Tracking Computer
218,9,Heat Sink Blueprint
223,9,Sensor Booster Blueprint
224,9,Tracking Computer Blueprint
225,7,Cheat Module Group
226,2,Large Collidable Object
227,2,Cloud
237,6,Corvette
255,16,Gunnery
256,16,Missiles
257,16,Spaceship Command
258,16,Fleet Support
266,16,Corporation Management
267,17,Obsolete Books
268,16,Production
269,16,Rigging
270,16,Science
272,16,Electronic Systems
273,16,Drones
274,16,Trade
275,16,Navigation
278,16,Social
279,11,LCO Drone
280,17,General
281,17,Frozen
282,17,Radioactive
283,17,Livestock
284,17,Biohazard
285,7,CPU Enhancer
286,11,Minor Threat
287,11,Rogue Drone
288,11,Faction Drone
289,7,Projected ECCM
290,7,Remote Sensor Booster
291,7,Weapon Disruptor
295,7,Shield Resistance Amplifier
296,9,Shield Resistance Amplifier Blueprint
297,11,Convoy
298,11,Convoy Drone
299,18,Repair Drone
300,20,Cyberimplant
301,11,Concord Drone
302,7,Magnetic Field Stabilizer
303,20,Booster
304,20,DNA Mutator
305,2,Comet
306,11,Spawn Container
307,2,Construction Platform
308,7,Countermeasure Launcher
309,7,Autopilot
310,2,Beacon
311,23,Reprocessing Array
312,2,Planetary Cloud
313,17,Drugs
314,17,Miscellaneous
315,7,Warp Core Stabilizer
316,7,Gang Coordinator
317,7,Computer Interface Node
318,2,Landmark
319,11,Large Collidable Structure
321,7,Shield Disruptor
323,11,Billboard
324,6,Assault Frigate
325,7,Remote Armor Repairer
326,7,Energized Armor Membrane
328,7,Armor Hardener
329,7,Armor Plate
330,7,Cloaking Device
332,17,Tool
333,17,Datacores
334,17,Construction Components
335,11,Temporary Cloud
336,2,Mobile Sentry Gun
337,11,Mission Drone
338,7,Shield Boost Amplifier
339,7,Auxiliary Power Core
340,2,Secure Cargo Container
341,7,Signature Scrambling
342,9,Anti Warp Scrambler Blueprint
343,9,Weapon Disruptor Blueprint
344,9,Tracking Enhancer Blueprint
345,9,Remote Tracking Computer Blueprint
346,9,Co-Processor Blueprint
347,9,Signal Amplifier Blueprint
348,9,Armor Hardener Blueprint
349,9,Armor Plate Blueprint
350,9,Remote Armor Repairer Blueprint
352,9,Auxiliary Power Core Blueprint
353,7,QA Module
355,17,Refinables
356,9,Tool Blueprint
357,7,DroneBayExpander
358,6,Heavy Assault Cruiser
360,9,Shield Boost Amplifier Blueprint
361,22,Mobile Warp Disruptor
363,23,Ship Maintenance Array
364,23,Mobile Storage
365,23,Control Tower
366,2,Warp Gate
367,7,Ballistic Control system
368,2,Global Warp Disruptor
369,17,Ship Logs
370,17,Criminal Tags
371,9,Mobile Warp Disruptor Blueprint
372,8,Advanced Autocannon Ammo
373,8,Advanced Railgun Charge
374,8,Advanced Beam Laser Crystal
375,8,Advanced Pulse Laser Crystal
376,8,Advanced Artillery Ammo
377,8,Advanced Blaster Charge
378,7,Cruise Control
379,7,Target Painter
380,6,Deep Space Transport
381,6,Elite Battleship
382,2,Shipping Crates
383,11,Destructible Sentry Gun
384,8,Light Missile
385,8,Heavy Missile
386,8,Cruise Missile
387,8,Rocket
394,8,Auto-Targeting Light Missile
395,8,Auto-Targeting Heavy Missile
396,8,Auto-Targeting Cruise Missile
397,23,Assembly Array
400,9,Ballistic Control System Blueprint
401,9,Cloaking Device Blueprint
404,23,Silo
405,7,Anti Cloaking Pulse
406,7,Smartbomb Supercharger
407,7,Fighter Support Unit
408,9,Drone Upgrade Blueprint
409,17,Empire Insignia Drops
410,9,Anti Cloaking Pulse Blueprint
411,2,Force Field
413,23,Laboratory
414,23,Mobile Power Core
416,23,Moon Mining
417,23,Mobile Missile Sentry
418,23,Mobile Shield Generator
419,6,Combat Battlecruiser
420,6,Destroyer
422,4,Gas Isotopes
423,4,Ice Product
425,8,Orbital Assault Unit
426,23,Mobile Projectile Sentry
427,4,Moon Materials
428,4,Intermediate Materials
429,4,Composite
430,23,Mobile Laser Sentry
435,11,Deadspace Overseer
436,24,Simple Reaction
438,23,Mobile Reactor
439,23,Electronic Warfare Battery
440,23,Sensor Dampening Battery
441,23,Stasis Webification Battery
443,23,Warp Scrambling Battery
444,23,Shield Hardening Array
445,23,Force Field Array
446,11,Customs Official
447,9,Construction Component Blueprints
448,2,Audit Log Secure Container
449,23,Mobile Hybrid Sentry
450,25,Arkonor
451,25,Bistot
452,25,Crokite
453,25,Dark Ochre
454,25,Hedbergite
455,25,Hemorphite
456,25,Jaspet
457,25,Kernite
458,25,Plagioclase
459,25,Pyroxeres
460,25,Scordite
461,25,Spodumain
462,25,Veldspar
463,6,Mining Barge
464,7,Strip Miner
465,25,Ice
467,25,Gneiss
468,25,Mercoxit
469,25,Omber
470,18,Unanchoring Drone
471,23,Corporate Hangar Array
472,7,System Scanner
473,23,Tracking Array
474,17,Acceleration Gate Keys
475,7,Microwarpdrive
476,8,XL Torpedo
477,9,Mining Barge Blueprint
478,9,System Scanner Blueprint
479,8,Scanner Probe
480,23,Stealth Emitter Array
481,7,Scan Probe Launcher
482,8,Mining Crystal
483,7,Frequency Mining Laser
484,24,Complex Reactions
485,6,Dreadnought
486,9,Scan Probe Blueprint
487,9,Destroyer Blueprint
489,9,Battlecruiser Blueprint
490,9,Strip Miner Blueprint
492,8,Survey Probe
493,17,Overseer Personal Effects
494,11,Deadspace Overseer's Structure
495,11,Deadspace Overseer's Sentry
496,11,Deadspace Overseer's Belongings
497,8,Fuel
498,8,Modifications
499,7,New EW Testing
500,8,Festival Charges
501,7,Festival Launcher
502,2,Cosmic Signature
503,9,Elite Hauler Blueprint
504,9,Target Painter Blueprint
505,16,Fake Skills
506,7,Missile Launcher Cruise
507,7,Missile Launcher Rocket
508,7,Missile Launcher Torpedo
509,7,Missile Launcher Light
510,7,Missile Launcher Heavy
511,7,Missile Launcher Rapid Light
512,7,Missile Launcher Defender
513,6,Freighter
514,7,ECM Stabilizer
515,7,Siege Module
516,9,Siege Module Blueprint
517,2,Agents in Space
518,7,Anti Ballistic Defense System
519,25,Terran Artifacts
520,11,Storyline Frigate
521,17,Identification
522,11,Storyline Cruiser
523,11,Storyline Battleship
524,7,Missile Launcher XL Torpedo
525,9,Freighter Blueprint
526,17,Commodities
527,11,Storyline Mission Frigate
528,17,Artifacts and Prototypes
530,17,Materials and Compounds
532,9,Gang Coordinator Blueprint
533,11,Storyline Mission Cruiser
534,11,Storyline Mission Battleship
535,9,Construction Platform Blueprint
536,17,Structure Components
537,9,Dreadnought Blueprint
538,7,Data Miners
540,6,Command Ship
541,6,Interdictor
543,6,Exhumer
544,18,Energy Neutralizer Drone
545,18,Warp Scrambling Drone
546,7,Mining Upgrade
547,6,Carrier
548,8,Interdiction Probe
549,18,Fighter Drone
550,11,Asteroid Angel Cartel Frigate
551,11,Asteroid Angel Cartel Cruiser
552,11,Asteroid Angel Cartel Battleship
553,11,Asteroid Angel Cartel Officer
554,11,Asteroid Angel Cartel Hauler
555,11,Asteroid Blood Raiders Cruiser
556,11,Asteroid Blood Raiders Battleship
557,11,Asteroid Blood Raiders Frigate
558,11,Asteroid Blood Raiders Hauler
559,11,Asteroid Blood Raiders Officer
560,11,Asteroid Guristas Battleship
561,11,Asteroid Guristas Cruiser
562,11,Asteroid Guristas Frigate
563,11,Asteroid Guristas Hauler
564,11,Asteroid Guristas Officer
565,11,Asteroid Sansha's Nation Battleship
566,11,Asteroid Sansha's Nation Cruiser
567,11,Asteroid Sansha's Nation Frigate
568,11,Asteroid Sansha's Nation Hauler
569,11,Asteroid Sansha's Nation Officer
570,11,Asteroid Serpentis Battleship
571,11,Asteroid Serpentis Cruiser
572,11,Asteroid Serpentis Frigate
573,11,Asteroid Serpentis Hauler
574,11,Asteroid Serpentis Officer
575,11,Asteroid Angel Cartel Destroyer
576,11,Asteroid Angel Cartel BattleCruiser
577,11,Asteroid Blood Raiders Destroyer
578,11,Asteroid Blood Raiders BattleCruiser
579,11,Asteroid Guristas Destroyer
580,11,Asteroid Guristas BattleCruiser
581,11,Asteroid Sansha's Nation Destroyer
582,11,Asteroid Sansha's Nation BattleCruiser
583,11,Asteroid Serpentis Destroyer
584,11,Asteroid Serpentis BattleCruiser
585,7,Remote Hull Repairer
586,7,Drone Modules
588,7,Super Weapon
589,7,Interdiction Sphere Launcher
590,7,Jump Portal Generator
593,11,Deadspace Angel Cartel BattleCruiser
594,11,Deadspace Angel Cartel Battleship
595,11,Deadspace Angel Cartel Cruiser
596,11,Deadspace Angel Cartel Destroyer
597,11,Deadspace Angel Cartel Frigate
602,11,Deadspace Blood Raiders BattleCruiser
603,11,Deadspace Blood Raiders Battleship
604,11,Deadspace Blood Raiders Cruiser
605,11,Deadspace Blood Raiders Destroyer
606,11,Deadspace Blood Raiders Frigate
611,11,Deadspace Guristas BattleCruiser
612,11,Deadspace Guristas Battleship
613,11,Deadspace Guristas Cruiser
614,11,Deadspace Guristas Destroyer
615,11,Deadspace Guristas Frigate
620,11,Deadspace Sansha's Nation BattleCruiser
621,11,Deadspace Sansha's Nation Battleship
622,11,Deadspace Sansha's Nation Cruiser
623,11,Deadspace Sansha's Nation Destroyer
624,11,Deadspace Sansha's Nation Frigate
629,11,Deadspace Serpentis BattleCruiser
630,11,Deadspace Serpentis Battleship
631,11,Deadspace Serpentis Cruiser
632,11,Deadspace Serpentis Destroyer
633,11,Deadspace Serpentis Frigate
638,7,Navigation Computer
639,18,Electronic Warfare Drone
640,18,Logistic Drone
641,18,Stasis Webifying Drone
642,7,Super Gang Enhancer
643,9,Carrier Blueprint
644,7,Drone Navigation Computer
645,7,Drone Damage Modules
646,7,Drone Tracking Modules
647,7,Drone Control Range Module
648,8,Advanced Rocket
649,2,Freight Container
650,7,Tractor Beam
651,9,Super Weapon Blueprint
652,17,Lease
653,8,Advanced Light Missile
654,8,Advanced Heavy Assault Missile
655,8,Advanced Heavy Missile
656,8,Advanced Cruise Missile
657,8,Advanced Torpedo
658,7,Cynosural Field Generator
659,6,Supercarrier
660,7,Energy Vampire Slayer
661,24,Simple Biochemical Reactions
662,24,Complex Biochemical Reactions
663,8,Mercoxit Mining Crystal
665,11,Mission Amarr Empire Frigate
666,11,Mission Amarr Empire Battlecruiser
667,11,Mission Amarr Empire Battleship
668,11,Mission Amarr Empire Cruiser
669,11,Mission Amarr Empire Destroyer
670,11,Mission Amarr Empire Other
671,11,Mission Caldari State Frigate
672,11,Mission Caldari State Battlecruiser
673,11,Mission Caldari State Cruiser
674,11,Mission Caldari State Battleship
675,11,Mission Caldari State Other
676,11,Mission Caldari State Destroyer
677,11,Mission Gallente Federation Frigate
678,11,Mission Gallente Federation Cruiser
679,11,Mission Gallente Federation Destroyer
680,11,Mission Gallente Federation Battleship
681,11,Mission Gallente Federation Battlecruiser
682,11,Mission Gallente Federation Other
683,11,Mission Minmatar Republic Frigate
684,11,Mission Minmatar Republic Destroyer
685,11,Mission Minmatar Republic Battlecruiser
686,11,Mission Minmatar Republic Other
687,11,Mission Khanid Frigate
688,11,Mission Khanid Destroyer
689,11,Mission Khanid Cruiser
690,11,Mission Khanid Battlecruiser
691,11,Mission Khanid Battleship
692,11,Mission Khanid Other
693,11,Mission CONCORD Frigate
694,11,Mission CONCORD Destroyer
695,11,Mission CONCORD Cruiser
696,11,Mission CONCORD Battlecruiser
697,11,Mission CONCORD Battleship
698,11,Mission CONCORD Other
699,11,Mission Mordu Frigate
700,11,Mission Mordu Destroyer
701,11,Mission Mordu Cruiser
702,11,Mission Mordu Battlecruiser
703,11,Mission Mordu Battleship
704,11,Mission Mordu Other
705,11,Mission Minmatar Republic Cruiser
706,11,Mission Minmatar Republic Battleship
707,23,Jump Portal Array
709,23,Scanner Array
710,23,Logistics Array
711,2,Harvestable Cloud
712,4,Biochemical Material
715,11,Destructible Agents In Space
716,17,Data Interfaces
718,9,Booster Blueprints
721,20,Temp
722,9,Advanced Hybrid Charge Blueprint
723,9,Tractor Beam Blueprint
724,9,Implant Blueprints
725,9,Advanced Projectile Ammo Blueprint
726,9,Advanced Frequency Crystal Blueprint
727,9,Mining Crystal Blueprint
728,35,Decryptors - Amarr
729,35,Decryptors - Minmatar
730,35,Decryptors - Gallente
731,35,Decryptors - Caldari
732,17,Decryptors - Sleepers
733,17,Decryptors - Yan Jung
734,17,Decryptors - Takmahl
735,17,Decryptors - Talocan
737,7,Gas Cloud Scoops
738,20,Cyber Armor
739,20,Cyber Drones
740,20,Cyber Electronic Systems
741,20,Cyber Engineering
742,20,Cyber Gunnery
743,20,Cyber Production
744,20,Cyber Leadership
745,20,Cyber Learning
746,20,Cyber Missile
747,20,Cyber Navigation
748,20,Cyber Science
749,20,Cyber Shields
750,20,Cyber Social
751,20,Cyber Trade
753,7,ECM Enhancer
754,4,Salvaged Materials
755,11,Asteroid Rogue Drone BattleCruiser
756,11,Asteroid Rogue Drone Battleship
757,11,Asteroid Rogue Drone Cruiser
758,11,Asteroid Rogue Drone Destroyer
759,11,Asteroid Rogue Drone Frigate
760,11,Asteroid Rogue Drone Hauler
761,11,Asteroid Rogue Drone Swarm
762,7,Inertial Stabilizer
763,7,Nanofiber Internal Structure
764,7,Overdrive Injector System
765,7,Expanded Cargohold
766,7,Power Diagnostic System
767,7,Capacitor Power Relay
768,7,Capacitor Flux Coil
769,7,Reactor Control Unit
770,7,Shield Flux Coil
771,7,Missile Launcher Heavy Assault
772,8,Heavy Assault Missile
773,7,Rig Armor
774,7,Rig Shield
775,7,Rig Energy Weapon
776,7,Rig Hybrid Weapon
777,7,Rig Projectile Weapon
778,7,Rig Drones
779,7,Rig Launcher
781,7,Rig Core
782,7,Rig Navigation
783,20,Cyber X Specials
784,11,Large Collidable Ship
786,7,Rig Electronic Systems
787,9,Rig Blueprint
789,11,Asteroid Angel Cartel Commander Frigate
790,11,Asteroid Angel Cartel Commander Cruiser
791,11,Asteroid Blood Raiders Commander Cruiser
792,11,Asteroid Blood Raiders Commander Frigate
793,11,Asteroid Angel Cartel Commander BattleCruiser
794,11,Asteroid Angel Cartel Commander Destroyer
795,11,Asteroid Blood Raiders Commander BattleCruiser
796,11,Asteroid Blood Raiders Commander Destroyer
797,11,Asteroid Guristas Commander BattleCruiser
798,11,Asteroid Guristas Commander Cruiser
799,11,Asteroid Guristas Commander Destroyer
800,11,Asteroid Guristas Commander Frigate
801,11,Deadspace Rogue Drone BattleCruiser
802,11,Deadspace Rogue Drone Battleship
803,11,Deadspace Rogue Drone Cruiser
804,11,Deadspace Rogue Drone Destroyer
805,11,Deadspace Rogue Drone Frigate
806,11,Deadspace Rogue Drone Swarm
807,11,Asteroid Sansha's Nation Commander BattleCruiser
808,11,Asteroid Sansha's Nation Commander Cruiser
809,11,Asteroid Sansha's Nation Commander Destroyer
810,11,Asteroid Sansha's Nation Commander Frigate
811,11,Asteroid Serpentis Commander BattleCruiser
812,11,Asteroid Serpentis Commander Cruiser
813,11,Asteroid Serpentis Commander Destroyer
814,11,Asteroid Serpentis Commander Frigate
815,7,Clone Vat Bay
816,11,Mission Generic Battleships
817,11,Mission Generic Cruisers
818,11,Mission Generic Frigates
819,11,Deadspace Overseer Frigate
820,11,Deadspace Overseer Cruiser
821,11,Deadspace Overseer Battleship
822,11,Mission Thukker Battlecruiser
823,11,Mission Thukker Battleship
824,11,Mission Thukker Cruiser
825,11,Mission Thukker Destroyer
826,11,Mission Thukker Frigate
827,11,Mission Thukker Other
828,11,Mission Generic Battle Cruisers
829,11,Mission Generic Destroyers
830,6,Covert Ops
831,6,Interceptor
832,6,Logistics
833,6,Force Recon Ship
834,6,Stealth Bomber
835,2,Station Upgrade Platform
836,2,Station Improvement Platform
837,23,Energy Neutralizing Battery
838,23,Cynosural Generator Array
839,23,Cynosural System Jammer
840,23,Structure Repair Array
841,9,Starbase - Control Tower Blueprints
842,7,Burst Projectors
843,11,Asteroid Rogue Drone Commander BattleCruiser
844,11,Asteroid Rogue Drone Commander Battleship
845,11,Asteroid Rogue Drone Commander Cruiser
846,11,Asteroid Rogue Drone Commander Destroyer
847,11,Asteroid Rogue Drone Commander Frigate
848,11,Asteroid Angel Cartel Commander Battleship
849,11,Asteroid Blood Raiders Commander Battleship
850,11,Asteroid Guristas Commander Battleship
851,11,Asteroid Sansha's Nation Commander Battleship
852,11,Asteroid Serpentis Commander Battleship
853,9,Starbase - Laser Battery Blueprints
854,9,Starbase - Projectile Battery Blueprints
855,9,Starbase - Hybrid Battery Blueprints
856,9,Starbase - ECM Jamming Array Blueprints
857,9,Starbase - Warp Scrambling Battery Blueprints
858,9,Starbase - Stasis Webification Battery Blueprints
859,9,Starbase - Sensor Dampening Array Blueprints
860,9,Starbase - Energy Neutralizing Battery Blueprints
861,11,Mission Fighter Drone
862,7,Missile Launcher Bomb
863,8,Bomb ECM
864,8,Bomb Energy
865,11,Mission Amarr Empire Carrier
866,11,Mission Caldari State Carrier
867,11,Mission Gallente Federation Carrier
868,11,Mission Minmatar Republic Carrier
870,9,Remote Hull Repairer Blueprint
871,9,Starbase - Missile Battery Blueprints
872,5,Outpost Improvements
873,17,Capital Construction Components
874,2,Disruptable Station Services
875,11,Mission Faction Transports
876,5,Outpost Upgrades
877,23,Target Painting Battery
878,7,Cloak Enhancements
879,17,Slave Reception
880,17,Sleeper Components
881,24,Freedom Programs
882,24,Enslavement Programs
883,6,Capital Industrial Ship
884,17,Test Compressed Ore
885,2,Cosmic Anomaly
886,4,Rogue Drone Components
888,9,Ore Compression Blueprints
889,9,Ore Enhancement Blueprints
890,9,Ice Compression Blueprints
891,9,Starbase - Mobile Laboratory Blueprints
892,8,Planet Satellites
893,6,Electronic Attack Ship
894,6,Heavy Interdiction Cruiser
896,7,Rig Security Transponder
897,2,Covert Cynosural Field
898,6,Black Ops
899,7,Warp Disrupt Field Generator
900,6,Marauder
901,7,Mining Enhancer
902,6,Jump Freighter
903,25,Ancient Compressed Ice
904,7,Rig Mining
905,7,Covert Cynosural Field Generator
906,6,Combat Recon Ship
907,8,Tracking Script
908,8,Warp Disruption Script
909,8,Tracking Disruption Script
910,8,Sensor Booster Script
911,8,Sensor Dampener Script
912,9,Script Blueprint
913,17,Advanced Capital Construction Components
914,9,Advanced Capital Construction Component Blueprints
915,9,Capital Construction Blueprints
916,8,Nanite Repair Paste
917,9,Data Miner Blueprint
918,9,Scan Probe Launcher Blueprint
920,2,Effect Beacon
922,11,Capture Point
924,11,Mission Faction Battleship
925,11,FW Infrastructure Hub
927,11,Mission Faction Haulers
934,11,Zombie Entities
935,26,WorldSpace
937,29,Decorations
940,49,Furniture
941,6,Industrial Command Ship
943,5,Legacy Currency
944,9,Capital Industrial Ship Blueprint
945,9,Industrial Command Ship Blueprint
952,11,Mission Container
954,32,Defensive Subsystem
955,17,Depricated Subsystems
956,32,Offensive Subsystem
957,32,Propulsion Subsystem
958,32,Core Subsystem
959,11,Deadspace Sleeper Sleepless Sentinel
960,11,Deadspace Sleeper Awakened Sentinel
961,11,Deadspace Sleeper Emergent Sentinel
963,6,Strategic Cruiser
964,17,Hybrid Tech Components
965,9,Hybrid Component Blueprints
966,4,Ancient Salvage
967,4,Wormhole Minerals
971,34,Sleeper Propulsion Relics
972,8,Obsolete Probes
973,9,Subsystem Blueprints
974,4,Hybrid Polymers
976,63,Festival Charges Expired
977,24,Hybrid Reactions
979,35,Decryptors - Hybrid
982,11,Deadspace Sleeper Sleepless Defender
983,11,Deadspace Sleeper Sleepless Patroller
984,11,Deadspace Sleeper Awakened Defender
985,11,Deadspace Sleeper Awakened Patroller
986,11,Deadspace Sleeper Emergent Defender
987,11,Deadspace Sleeper Emergent Patroller
988,2,Wormhole
990,34,Sleeper Electronics Relics
991,34,Sleeper Offensive Relics
992,34,Sleeper Engineering Relics
993,34,Sleeper Defensive Relics
995,2,Secondary Sun
996,9,Strategic Cruiser Blueprints
997,34,Sleeper Hull Relics
1003,40,Territorial Claim Unit
1004,40,Defense Bunkers
1005,40,Sovereignty Blockade Unit
1006,11,Mission Faction Cruiser
1007,11,Mission Faction Frigate
1010,8,Compact XL Torpedo
1012,40,Infrastructure Hub
1013,9,Supercarrier Blueprints
1016,39,Strategic Upgrades
1019,8,XL Cruise Missile
1020,39,Industrial Upgrades
1021,39,Military Upgrades
1022,6,Prototype Exploration Ship
1023,18,Fighter Bomber
1025,46,Orbital Infrastructure
1026,41,Extractors
1027,41,Command Centers
1028,41,Processors
1029,41,Storage Facilities
1030,41,Spaceports
1031,17,Planetary Resources
1032,42,Planet Solid - Raw Resource
1033,42,Planet Liquid-Gas - Raw Resource
1034,43,Refined Commodities - Tier 2
1035,42,Planet Organic - Raw Resource
1036,41,Planetary Links
1040,43,Specialized Commodities - Tier 3
1041,43,Advanced Commodities - Tier 4
1042,43,Basic Commodities - Tier 1
1045,9,Sovereignty Structure Blueprint
1046,9,Nanite Repair Paste Blueprint
1048,9,Starbase Blueprint
1051,11,Incursion Sansha's Nation Industrial
1052,11,Incursion Sansha's Nation Capital
1053,11,Incursion Sansha's Nation Frigate
1054,11,Incursion Sansha's Nation Cruiser
1056,11,Incursion Sansha's Nation Battleship
1063,41,Extractor Control Units
1067,26,MaterialZone
1068,26,DetailMesh
1071,2,Flashpoint
1073,46,Test Orbitals
1079,49,Generic
1081,41,Mercenary Bases
1082,41,Capsuleer Bases
1083,30,Eyewear
1084,30,Tattoos
1085,30,Piercings
1086,30,Scars
1087,30,Mid Layer
1088,30,Outer
1089,30,Tops
1090,30,Bottoms
1091,30,Footwear
1092,30,Headwear
1093,30,Makeup
1105,53,Lens Flares
1106,46,Orbital Construction Platform
1107,53,Particle Systems
1108,53,Animated Lights
1109,29,Audio
1110,54,Point Lights
1111,54,Box Lights
1112,54,Spot Lights
1118,17,Surface Infrastructure Prefab Units
1121,29,Perception Points
1122,7,Salvager
1123,9,Salvager Blueprint
1126,59,PhysicalPortals
1136,4,Fuel Block
1137,9,Fuel Block Blueprint
1139,9,Mining Laser Upgrade Blueprint
1141,17,Research Data
1142,9,Energy Neutralizer Drone Blueprint
1143,9,Electronic Warfare Drone Blueprint
1144,9,Logistic Drone Blueprint
1145,9,Heavy Fighter Blueprint
1146,9,Light Fighter Blueprint
1147,9,Stasis Webifying Drone Blueprint
1149,22,Mobile Jump Disruptor
1150,7,Armor Resistance Shift Hardener
1151,9,Armor Resistance Shift Hardener Blueprint
1152,9,Drone Damage Module Blueprint
1153,8,Shield Booster Script
1154,7,Signature Suppressor
1155,9,Signature Suppressor Blueprint
1156,7,Ancillary Shield Booster
1157,9,Fueled Shield Booster Blueprint
1158,8,Heavy Defender Missile
1159,18,Salvage Drone
1160,9,Survey Probe Blueprints
1162,9,Container Blueprints
1165,2,Satellite
1166,11,FW Minmatar Republic Frigate
1167,11,FW Caldari State Frigate
1168,11,FW Gallente Federation Frigate
1169,11,FW Amarr Empire Frigate
1174,11,Asteroid Rogue Drone Officer
1175,11,FW Amarr Empire Destroyer
1176,11,FW Caldari State Destroyer
1177,11,FW Gallente Federation Destroyer
1178,11,FW Minmatar Republic Destroyer
1179,11,FW Amarr Empire Cruiser
1180,11,FW Caldari State Cruiser
1181,11,FW Gallente Federation Cruiser
1182,11,FW Minmatar Republic Cruiser
1183,11,FW Amarr Empire Battlecruiser
1184,11,FW Caldari State Battlecruiser
1185,11,FW Gallente Federation Battlecruiser
1186,11,FW Minmatar Republic Battlecruiser
1189,7,Micro Jump Drive
1190,9,Salvage Drone Blueprint
1191,9,Micro Jump Drive Blueprint
1194,63,Special Edition Commodities
1195,63,Tournament Cards: New Eden Open YC 114
1197,9,Special Edition Commodity Blueprints
1198,2,Orbital Target
1199,7,Ancillary Armor Repairer
1200,9,Fueled Armor Repairer Blueprint
1201,6,Attack Battlecruiser
1202,6,Blockade Runner
1206,17,Security Tags
1207,11,Scatter Container
1209,16,Shields
1210,16,Armor
1212,23,Personal Hangar
1213,16,Targeting
1216,16,Engineering
1217,16,Scanning
1218,16,Resource Processing
1220,16,Neural Enhancement
1222,9,ECM Stabilizer Blueprint
1223,7,Scanning Upgrade
1224,9,Scanning Upgrade Blueprint
1225,63,Tournament Cards: Alliance Tournament All Stars
1226,7,Survey Probe Launcher
1227,9,Survey Probe Launcher Blueprint
1228,20,Cyber Targeting
1229,20,Cyber Resource Processing
1230,20,Cyber Scanning
1231,20,Cyber Biology
1232,7,Rig Resource Processing
1233,7,Rig Scanning
1234,7,Rig Targeting
1238,7,Scanning Upgrade Time
1239,9,Scanning Upgrade Time Blueprint
1240,16,Subsystems
1241,16,Planet Management
1245,7,Missile Launcher Rapid Heavy
1246,22,Mobile Depot
1247,22,Mobile Siphon Unit
1248,17,Bounty Encrypted Bonds
1249,22,Mobile Cyno Inhibitor
1250,22,Mobile Tractor Unit
1252,11,Ghost Sites Angel Cartel Cruiser
1255,11,Ghost Sites Blood Raiders Cruiser
1259,11,Ghost Sites Guristas Cruiser
1262,11,Ghost Sites Serpentis Cruiser
1265,11,Ghost Sites Sanshas Cruiser
1267,9,Mobile Siphon Unit Blueprint
1268,9,Mobile Cynosural Inhibitor Blueprint
1269,9,Mobile Depot Blueprint
1270,9,Mobile Tractor Unit Blueprint
1271,30,Prosthetics
1273,22,Encounter Surveillance System
1274,22,Mobile Decoy Unit
1275,22,Mobile Scan Inhibitor
1276,22,Mobile Micro Jump Unit
1277,9,Encounter Surveillance System Blueprint
1282,23,Compression Array
1283,6,Expedition Frigate
1285,11,Asteroid Mordus Legion Commander Frigate
1286,11,Asteroid Mordus Legion Commander Cruiser
1287,11,Asteroid Mordus Legion Commander Battleship
1288,11,Ghost Sites Mordu's Legion
1289,7,Warp Accelerator
1292,7,Drone Tracking Enhancer
1293,9,Mobile Scan Inhibitor Blueprint
1294,9,Mobile Micro Jump Unit Blueprint
1295,9,Mobile Decoy Unit Blueprint
1297,22,Mobile Vault
1299,7,Jump Drive Economizer
1301,5,Services
1304,35,Generic Decryptor
1305,6,Tactical Destroyer
1306,7,Ship Modifiers
1307,11,Roaming Sleepers Cruiser
1308,7,Rig Anchor
1309,9,Tactical Destroyer Blueprint
1310,11,Drifter Battleship
1311,5,Super Kerr-Induced Nanocoatings
1312,22,Observatory Structures
1313,7,Entosis Link
1314,17,Unknown Components
1316,2,Entosis Command Node
1317,9,Infrastructure Upgrade Blueprint
1318,9,Entosis Link Blueprint
1319,29,Miscellaneous
1321,66,Structure Citadel Service Module
1322,66,Structure Resource Processing Service Module
1323,66,Structure Observatory Service Module
1324,66,Structure Navigation Service Module
1325,66,Structure Administration Service Module
1326,66,Structure Advertisement Service Module
1327,66,Structure XL Missile Launcher
1328,66,Structure Guided Bomb Launcher
1329,66,Structure Energy Neutralizer
1330,66,Structure Area Denial Module
1331,66,Structure Burst Projector
1332,66,Structure ECM Battery
1333,66,Structure Doomsday Weapon
1395,7,Missile Guidance Enhancer
1396,7,Missile Guidance Computer
1397,9,Missile Guidance Enhancer Blueprint
1399,9,Missile Guidance Computer Blueprint
1400,8,Missile Guidance Script
1402,11,Amarr Navy Roaming Battleship
1404,65,Engineering Complex
1405,65,Laboratory
1406,65,Refinery
1407,65,Observatory Array
1408,65,Upwell Jump Gate
1409,65,Administration Hub
1410,65,Advertisement Center
1411,11,Amarr Navy Roaming Cruiser
1412,11,Amarr Navy Roaming Capital
1413,11,Amarr Navy Roaming Logistics
1414,11,Amarr Navy Roaming Frigate
1415,66,Structure Engineering Service Module
1416,66,Structure Research Service Module
1429,66,Structure Weapon Upgrade
1430,66,Structure Fitting Module
1441,66,Structure Stasis Webifier
1442,66,Structure Warp Scrambler
1452,11,Irregular Drone
1453,11,Irregular EW Drone
1454,11,Irregular Fighter
1455,11,Irregular Fighter Squadron
1461,9,Unknown Blueprint
1462,9,Structure Blueprints
1465,11,Mission Generic Supercarrier
1527,6,Logistics Frigate
1529,11,Deadspace Sleeper Upgraded Avenger
1530,11,Drifter Response Battleship
1533,7,Micro Jump Field Generators
1534,6,Command Destroyer
1535,66,Structure Signal Amplifier
1537,87,Support Fighter
1538,6,Force Auxiliary
1542,9,Command Destroyer Blueprint
1543,9,Micro Jump Field Generator Blueprint
1545,16,Structure Management
1546,8,Structure Anti-Capital Missile
1547,8,Structure Anti-Subcapital Missile
1548,8,Guided Bomb
1549,8,Structure ECM script
1550,8,Structure Stasis Webifier Script
1551,8,Structure Warp Disruptor Script
1559,8,Structure Resistance Switcher Script
1562,66,Structure Multirole Missile Launcher
1566,11,Irregular Shuttle
1567,11,Irregular Corvette
1568,11,Irregular Frigate
1569,8,Guidance Disruption Script
1570,66,Structure Assembly Rig M - Small Tech I Ship
1579,66,Structure Assembly Rig M - Medium Tech I Ship
1580,66,Structure Assembly Rig M - Large Tech I Ship
1581,66,Structure Assembly Rig M - Small Tech II Ship
1582,66,Structure Assembly Rig M - Medium Tech II Ship
1583,66,Structure Assembly Rig M - Large Tech II Ship
1584,66,Structure Assembly Rig M - Drone
1585,66,Structure Assembly Rig M - Consumable
1586,66,Structure Assembly Rig M - Module
1587,66,"Structure Assembly Rig L - Module
1588,66,Structure Assembly Rig L - Tech I Ship
1589,66,Structure Assembly Rig L - Tech II Ship
1590,66,Structure Assembly Rig L - Tech II Component
1591,66,Structure Assembly Rig L - Tech I Capital Component
1592,66,Structure Assembly Rig L - Structure Component
1593,66,Structure Assembly Rig L - Subsystem
1594,66,Structure Assembly Rig XL - Equipment
1595,66,Structure Assembly Rig XL - Ship
1596,66,Structure Assembly Rig XL - All Components
1598,66,Structure Laboratory Rig M - Small Ship
1599,66,Structure Laboratory Rig M - Medium Ship
1600,66,Structure Laboratory Rig M - Large Ship
1601,66,Structure Laboratory Rig M - Drone
1602,66,Structure Laboratory Rig M - Consumable
1603,66,Structure Laboratory Rig M - Module
1604,66,"Structure Laboratory Rig L - Module
1605,66,Structure Laboratory Rig L - Ship
1606,66,Structure Laboratory Rig L - Component
1607,66,Structure Laboratory Rig L - Capital Component
1608,66,Structure Laboratory Rig L - Structure Component
1609,66,Structure Laboratory Rig L - Subsystem
1610,66,Structure Laboratory Rig XL - Equipment
1611,66,Structure Laboratory Rig XL - Ship
1612,66,Structure Laboratory Rig XL - All Components
1613,66,Structure Combat Rig M - Missile Application
1614,66,Structure Combat Rig M - Missile Projection
1615,66,Structure Combat Rig M - Energy Neutralizer Projection
1616,66,Structure Combat Rig M - Energy Neutralizer Cap Reduction
1617,66,Structure Citadel Rig M - Drone Hitpoints
1618,66,Structure Citadel Rig M - Drone Speed
1619,66,Structure Combat Rig M - EW projection
1620,66,Structure Combat Rig M - EW Cap Reduction
1621,66,Structure Combat Rig M - Max Targets
1622,66,Structure Combat Rig M - Boosted Sensors
1629,66,Structure Combat Rig L - Missile Application and Projection
1630,66,Structure Combat Rig L - Energy Neutralizer Projection and Cap Reduction
1631,66,Structure Citadel Rig L - Drone Hitpoints and Speed
1632,66,Structure Combat Rig L - EW Projection and Cap Reduction
1633,66,Structure Combat Rig L - AoE Launcher Application and Projection
1634,66,Structure Combat Rig L - Point Defense Battery Application and Projection
1635,66,Structure Combat Rig L - Max Targets and Sensor Boosting
1639,66,Structure Combat Rig XL - Missile and AoE Missile
1640,66,Structure Citadel Rig XL - Drone and PDB
1641,66,Structure Combat Rig XL - Energy Neutralizer and EW
1642,66,Structure Combat Rig XL - Doomsday and Targeting
1647,66,OLD Structure Resource Rig M - HS Ore Reprocessing
1648,66,OLD Structure Resource Rig L - Ore Reprocessing
1649,66,OLD Structure Resource Rig XL - Reprocessing
1652,87,Light Fighter
1653,87,Heavy Fighter
1657,65,Citadel
1664,11,Irregular Destroyer
1665,11,Irregular Cruiser
1666,11,Irregular Battlecruiser
1667,11,Irregular Battleship
1670,30,Augmentations
1672,7,Stasis Grappler
1673,7,Missile Launcher Rapid Torpedo
1674,7,Missile Launcher XL Cruise
1676,4,Named Components
1677,8,Advanced XL Torpedo
1678,8,Advanced XL Cruise Missile
1679,9,Support Fighter Blueprint
1681,11,Asteroid Angel Cartel Dreadnought
1682,11,Asteroid Angel Cartel Titan
1683,11,Asteroid Blood Raider Dreadnought
1684,11,Asteroid Blood Raider Titan
1685,11,Asteroid Guristas Dreadnought
1686,11,Asteroid Guristas Titan
1687,11,Asteroid Sansha's Nation Dreadnought
1688,11,Asteroid Sansha's Nation Supercarrier
1689,11,Asteroid Serpentis Dreadnought
1690,11,Asteroid Serpentis Titan
1691,11,Asteroid Rogue Drone Carrier
1692,11,Asteroid Rogue Drone Supercarrier
1693,66,OLD Structure Resource Rig M - LNS Ore Reprocessing
1694,66,OLD Structure Resource Rig M - Ice 1 Reprocessing
1695,66,OLD Structure Resource Rig M - Ice 2 Reprocessing
1696,66,OLD Structure Resource Rig L - Ice Reprocessing
1697,7,Ancillary Remote Shield Booster
1698,7,Ancillary Remote Armor Repairer
1699,7,Flex Armor Hardener
1700,7,Flex Shield Hardener
1701,8,Flex Armor Hardener Script
1702,8,Flex Shield Hardener Script
1703,9,Burst Projector Blueprint
1704,2,Super Weapon Beacon
1706,7,Capital Sensor Array
1707,9,Structure Module Blueprint
1708,9,Structure Rig Blueprint
1709,9,Unpublished Structure Module and Rig Blueprints
1717,66,Unpublished Structure Modules
1718,9,Force Auxiliary Blueprint
1719,66,Structure Disruption Battery
1720,11,Roaming Serpentis Battleship
1721,11,Roaming Serpentis Cruiser
1722,11,Roaming Serpentis Frigate
1723,9,Shield Resistance Shift Hardener Blueprint
1724,11,Irregular Dreadnought
1725,11,Irregular Force Auxiliary
1726,11,Irregular Carrier
1727,11,Roaming Angel Cartel Battleship
1728,11,Roaming Angel Cartel Cruiser
1729,11,Roaming Angel Cartel Frigate
1730,20,Special Edition Implant
1731,11,Irregular Super Carrier
1734,11,Roaming Blood Raider Frigate
1735,11,Roaming Blood Raider Cruiser
1736,11,Roaming Blood Raider Battlecruiser
1737,11,Roaming Blood Raider Battleship
1739,5,Skill Injectors
1759,11,Irregular Titan
1761,11,Irregular Mining Frigate
1762,11,Irregular Mining Barge
1764,11,♦ Mining Frigate
1765,11,♦ Mining Barge
1766,11,♦ Mining Exhumer
1767,11,♦ Mining Hauler
1768,11,Seeker Scouts
1769,8,Shield Command Burst Charges
1770,7,Command Burst
1771,8,Mining Foreman Burst Charges
1772,8,Skirmish Command Burst Charges
1773,8,Information Command Burst Charges
1774,8,Armor Command Burst Charges
1788,11,Hidden Zenith Drifters
1789,11,Hidden Zenith Amarr Battleship
1790,11,Hidden Zenith Amarr Cruiser
1791,11,Hidden Zenith Amarr Frigate
1792,11,Hidden Zenith Caldari Battleship
1793,11,Hidden Zenith Caldari Cruiser
1794,11,Hidden Zenith Caldari Frigate
1795,11,Hidden Zenith Gallente Battleship
1796,11,Hidden Zenith Gallente Cruiser
1797,11,Hidden Zenith Gallente Frigate
1798,11,Hidden Zenith Minmatar Battleship
1799,11,Hidden Zenith Minmatar Cruiser
1800,11,Hidden Zenith Minmatar Frigate
1803,11,♦ Frigate
1804,11,Hidden Zenith Amarr Capital
1805,11,Hidden Zenith Caldari Capital
1806,11,Hidden Zenith Gallente Capital
1807,11,Hidden Zenith Minmatar Capital
1810,9,Command Burst Charge Blueprint
1812,9,Command Burst Blueprint
1813,11,♦ Cruiser
1814,11,♦ Battleship
1815,7,Titan Phenomena Generator
1816,66,Structure Engineering Rig M - Equipment ME
1818,17,Strong Boxes
1819,66,Structure Engineering Rig M - Equipment TE
1820,66,Structure Engineering Rig M - Ammunition ME
1821,66,Structure Engineering Rig M - Ammunition TE
1822,66,Structure Engineering Rig M - Drone and Fighter ME
1823,66,Structure Engineering Rig M - Drone and Fighter TE
1824,66,Structure Engineering Rig M - Basic Small Ship ME
1825,66,Structure Engineering Rig M - Basic Small Ship TE
1826,66,Structure Engineering Rig M - Basic Medium Ship ME
1827,66,Structure Engineering Rig M - Basic Medium Ship TE
1828,66,Structure Engineering Rig M - Basic Large Ship ME
1829,66,Structure Engineering Rig M - Basic Large Ship TE
1830,66,Structure Engineering Rig M - Advanced Small Ship ME
1831,66,Structure Engineering Rig M - Advanced Small Ship TE
1832,66,Structure Engineering Rig M - Advanced Medium Ship ME
1833,66,Structure Engineering Rig M - Advanced Medium Ship TE
1834,66,Structure Engineering Rig M - Advanced Large Ship ME
1835,66,Structure Engineering Rig M - Advanced Large Ship TE
1836,66,Structure Engineering Rig M - Advanced Component ME
1837,66,Structure Engineering Rig M - Advanced Component TE
1838,66,Structure Engineering Rig M - Basic Capital Component TE
1839,66,Structure Engineering Rig M - Basic Capital Component ME
1840,66,Structure Engineering Rig M - Structure ME
1841,66,Structure Engineering Rig M - Structure TE
1842,66,Structure Engineering Rig M - Invention Cost Optimization
1843,66,Structure Engineering Rig M - Invention Accelerator
1844,66,Structure Engineering Rig M - ME Research Cost Optimization
1845,66,Structure Engineering Rig M - ME Research Accelerator
1846,66,Structure Engineering Rig M - TE Research Cost Optimization
1847,66,Structure Engineering Rig M - TE Research Accelerator
1848,66,Structure Engineering Rig M - Blueprint Copy Cost Optimization
1849,66,Structure Engineering Rig M - Blueprint Copy Accelerator
1850,66,Structure Engineering Rig L - Equipment Efficiency
1851,66,Structure Engineering Rig L - Ammunition Efficiency
1852,66,Structure Engineering Rig L - Drone and Fighter Efficiency
1853,66,Structure Engineering Rig L - Basic Small Ship Efficiency
1854,66,Structure Engineering Rig L - Basic Medium Ship Efficiency
1855,66,Structure Engineering Rig L - Basic Large Ship Efficiency
1856,66,Structure Engineering Rig L - Advanced Small Ship Efficiency
1857,66,Structure Engineering Rig L - Advanced Medium Ship Efficiency
1858,66,Structure Engineering Rig L - Advanced Large Ship Efficiency
1859,66,Structure Engineering Rig L - Capital Ship Efficiency
1860,66,Structure Engineering Rig L - Advanced Component Efficiency
1861,66,Structure Engineering Rig L - Basic Capital Component Efficiency
1862,66,Structure Engineering Rig L - Structure Efficiency
1863,66,Structure Engineering Rig L - Invention Optimization
1864,66,Structure Engineering Rig L - ME Research Optimization
1865,66,Structure Engineering Rig L - TE Research Optimization
1866,66,Structure Engineering Rig L - Blueprint Copy Optimization
1867,66,Structure Engineering Rig XL - Equipment and Consumable Efficiency
1868,66,Structure Engineering Rig XL - Ship Efficiency
1869,66,Structure Engineering Rig XL - Structure and Component Efficiency
1870,66,Structure Engineering Rig XL - Laboratory Optimization
1872,11,Structure Entities
1875,5,PLEX
1876,65,♦ Engineering Complex
1878,11,♦ Titan
1879,11,♦ Force Auxiliary
1880,11,♦ Dreadnought
1882,2,MassiveEnvironments
1884,25,Ubiquitous Moon Asteroids
1886,17,Technical Data Chips
1887,66,Structure Moon Drilling Service Module
1888,9,Composite Reaction Formulas
1889,9,Polymer Reaction Formulas
1890,9,Biochemical Reaction Formulas
1891,9,Depricated Subsystem Blueprints
1894,7,Non-Repeating Hardeners
1895,11,Irregular Industrial
1896,11,♦ Industrial Command
1909,11,♦ Battlecruiser
1911,25,Empire Asteroids
1912,66,Structure Drilling Rig M - Efficiency
1913,66,Structure Drilling Rig M - Stability
1914,66,Structure Drilling Rig L - Proficiency
1915,2,Moon Mining Beacon
1920,25,Common Moon Asteroids
1921,25,Uncommon Moon Asteroids
1922,25,Rare Moon Asteroids
1923,25,Exceptional Moon Asteroids
1924,65,♦ Forward Operating Base
1925,11,Irregular Industrial Command Ship
1926,11,Irregular Freighter
1927,11,Irregular Structure
1928,11,Irregular Container
1929,11,Irregular - Unidentified
1933,66,Structure Composite Reactor Rig M - TE
1934,66,Structure Composite Reactor Rig M - ME
1935,66,Structure Hybrid Reactor Rig M - TE
1936,66,Structure Hybrid Reactor Rig M - ME
1937,66,Structure Biochemical Reactor Rig M - TE
1938,66,Structure Biochemical Reactor Rig M - ME
1939,66,Structure Reactor Rig L - Efficiency
1940,2,Moon Chunk
1941,66,Structure Resource Rig M - Asteroid Ore Reprocessing
1942,66,Structure Resource Rig M - Ice Reprocessing
1943,66,Structure Resource Rig M - Moon Ore Reprocessing
1944,66,Structure Resource Rig L - Reprocessing
1945,66,Structure Resource Rig XL - Reprocessing
1948,9,Cyber Scanning Implant Blueprints
1950,91,Permanent SKIN
1951,91,Volatile SKIN
1952,91,7-Day SKIN
1953,91,30-Day SKIN
1954,91,90-Day SKIN
1955,91,1-Year SKIN
1956,11,Drifter Reinforcements
1962,66,Structure QA Modules
1964,17,Mutaplasmids
1966,66,Structure Capacitor Battery
1967,66,Structure Capacitor Power Relay
1968,66,Structure Armor Reinforcer
1969,7,Abyssal Modules
1971,2,Abyssal Hazards
1972,6,Flag Cruiser
1973,2,Locators
1974,66,Structure Festival Launcher
1975,2,Non-Interactable Object
1976,8,Structure Festival Charges
1977,17,Trinary Data Vaults
1978,2,Industrial Support Facility
1979,17,Abyssal Filaments
1980,2,Non-Scalable Clouds
1981,2,Triglavian Support Pylons
1982,11,Abyssal Spaceship Entities
1983,2,Abyssal Environment
1984,66,Outpost Conversion Rigs
1986,7,Precursor Weapon
1987,8,Exotic Plasma Charge
1988,7,Entropic Radiation Sink
1989,8,Advanced Exotic Plasma Charge
1990,9,Precursor Weapon Blueprint
1991,2,Filament Trace
1992,9,Entropic Radiation Sink Blueprint
1993,9,Exotic Plasma Charge Blueprint
1994,9,Advanced Exotic Plasma Charge Blueprint
1995,17,Triglavian Data
1996,4,Abyssal Materials
1997,11,Abyssal Drone Entities
1998,2,Station Conversion Monuments
2001,6,Citizen Ships
2002,17,Triglavian Datastreams
2003,7,Citizen Modules
2004,7,Citizen Mining Laser
2005,22,Deployable Advertisement
2006,25,Deadspace Asteroids
2008,7,Mass Entanglers
2009,11,Precursor Cache
2010,9,Mass Entangler Blueprints
2013,7,Stasis Nullifiers
2015,65,Upwell Monument
2016,65,Upwell Cyno Jammer
2017,65,Upwell Cyno Beacon
2018,7,Mutadaptive Remote Armor Repairer
2019,9,Mutadaptive Remote Armor Repairer Blueprint
2020,2,Cynosural Fields
2022,25,Temporal Resources
2023,9,Cyber Electronics Implant Blueprints
2024,25,Fluorite
2026,17,Triglavian Artifacts
4028,11,Triglavian Entities
4029,25,Talassonite
4030,25,Rakovene
4031,25,Bezdnacine
4033,2,Destructible Effect Beacon
4034,11,EDENCOM Entities
4035,11,Drifter Entities
4036,11,Sleeper Entities
4037,11,Rogue Drone Entities
4040,91,180-Day SKIN
4041,17,Jump Filaments
4050,17,Abyssal Proving Filaments
4052,9,Jump Filament Blueprint
4053,11,Irregular Capsule
4055,2,Invisible Beacon
4057,30,Masks
4060,7,Vorton Projector
4061,8,Advanced Condenser Pack
4062,8,Condenser Pack
4064,9,Vorton Projector Blueprint
4065,9,Condenser Pack Blueprint
4066,9,Advanced Condenser Pack Blueprint
4067,7,Vorton Projector Upgrade
4069,9,Vorton Projector Upgrade Blueprints
4070,2,Exotic Artefact
4071,29,Type Graveyard
4072,17,Expired Jump Filaments
4073,11,Temporary Collidable Structure
4079,2,Encounter Surveillance System
4081,2,Disrupted Gate
4086,66,Quantum Cores
4087,17,Triglavian Space Filaments
4088,8,Interdiction Burst Probes
4090,2100,QA Expert Systems
4091,2100,Standard Expert Systems
4093,22,Mobile Cynosural Beacon
4094,25,Scalable Decorative Asteroid
4095,9,Mobile Cynosural Beacon Blueprint
4096,4,Molecular-Forged Materials
4097,9,Molecular-Forged Reaction Formulas
4098,2100,Promotional Expert Systems
4100,2,Logo Display Monument
4102,17,ESS Reserve Bank Keys
4105,11,Unidentified Entities
4106,11,AIR Entities I
4107,22,Mobile Observatory
4108,9,Mobile Observatory Blueprint
4117,7,Interdiction Nullifier
4118,9,Interdiction Nullifier Blueprint
4127,7,Covert Jump Portal Generator
4128,11,AIR Entities II
4130,11,Unidentified Entities II
4137,22,Mobile Analysis Beacon
4138,7,Gas Cloud Harvesters
4139,9,Gas Harvester Blueprint
4141,9,Mobile Analysis Beacon Blueprint
4142,17,Rogue Drone Analysis Data
4145,17,Warp Matrix Filaments
4161,25,AIR Ore Asteroid Resources
4165,17,Peculiar Materials
4168,2,Compressed Gas
4174,7,Compressors
4175,9,Compressors Blueprints
4184,7,Industrial Jump Portal Generator
4186,8,Structure Area Denial Ammunition
4188,9,Structure Area Denial Ammo Blueprint
4430,2,Asteroid Belt
4431,11,FW Amarr Empire Battleship
4432,11,FW Caldari State Battleship
4433,11,FW Gallente Federation Battleship
4434,11,FW Minmatar Republic Battleship
4471,2118,Ship Personalization
4477,22,FW Propaganda Broadcast Structure
4493,9,Mobile Objective Blueprint
4494,11,Control Point
4499,22,FW Listening Outpost
4501,11,Mission Generic Capsules
4513,25,Mordunium
4514,25,Ytirium
4515,25,Eifyrium
4516,25,Ducinium
4547,11,Interstellar Shipcaster Beacon
4548,11,Interstellar Shipcaster Beacon Construction Structure
4549,2,Interstellar Shipcaster
350858,350001,Infantry Weapons
351064,350001,Infantry Dropsuits
351121,350001,Infantry Modules
351210,350001,Infantry Vehicles
351648,350001,Infantry Skills
351844,350001,Infantry Equipment
354641,350001,Infantry Skill Enhancers
354753,350001,Infantry Installations
364204,350001,Surface Infrastructure
367487,350001,Services
367580,350001,Agents
367594,350001,Visual Customization
367774,350001,Salvage Containers
367776,350001,Salvage Decryptors
368656,350001,Battle Salvage
368666,350001,Warbarge
368726,350001,Infantry Color Skin